[
    {
        "position" : "WordPress Developer",
        "workyear" : "Creating a Website In WordPress ( 2020-2021 )",
        "where" : "NMR Enterprise Startup Based IT Company"
    },
    {
        "position" : "WordPress Developer",
        "workyear" : "Creating a Website In WordPress ( 2021-Present )",
        "where" : "Delhi Work From Home"
    },
    {
        "position" : "Zomato Delivery Partner",
        "workyear" : "Food Delivery in Zomato ( 2021-Present )",
        "where" : "Bhilai, Chhattisgarh"
    }
]