[
    {
        "course" : "Bachelor of Engineering",
        "branchyear" : "Computer Science Engineering ( 2018-2022 )",
        "college" : "Rungta Engineering & Technology Bhilai R1"
    },
    {
        "course" : "12th High School",
        "branchyear" : "Science ( Maths ) ( 2017-2018 )",
        "college" : "MGM Hr. Sec. School Balco Korba 495684"
    },
    {
        "course" : "10th Middle School",
        "branchyear" : "Social Subjects ( 2015-2016 )",
        "college" : "MGM Hr. Sec. School Balco Korba 495684"
    }
]